{
    "binary_loan_status": {
        "Default": 0,
        "No default": 1
    },
    "acc_now_delinq": {
        "0.0 - 3.0": 0
    },
    "acc_open_past_24mths": {
        "0.0 - 2.0": 0,
        "2.0 - 3.0": 1,
        "3.0 - 5.0": 2,
        "5.0 - 7.0": 3,
        "7.0 - 34.0": 4
    },
    "all_util": {
        "0.0 - 12.0": 0,
        "12.0 - 49.0": 1,
        "49.0 - 67.0": 2,
        "67.0 - 151.0": 3
    },
    "annual_inc": {
        "0.0 - 42000.0": 0,
        "42000.0 - 58000.0": 1,
        "58000.0 - 75000.0": 2,
        "75000.0 - 100000.0": 3,
        "100000.0 - 9300000.0": 4
    },
    "annual_inc_joint": {
        "0.0 - 1750000.0": 0
    },
    "avg_cur_bal": {
        "0.0 - 2667.0": 0,
        "2667.0 - 5252.600000000002": 1,
        "5252.600000000002 - 11897.399999999998": 2,
        "11897.399999999998 - 21716.0": 3,
        "21716.0 - 623229.0": 4
    },
    "bc_util": {
        "0.0 - 30.5": 0,
        "30.5 - 51.8": 1,
        "51.8 - 68.0": 2,
        "68.0 - 86.6": 3,
        "86.6 - 252.3": 4
    },
    "chargeoff_within_12_mths": {
        "0.0 - 7.0": 0
    },
    "collections_12_mths_ex_med": {
        "0.0 - 20.0": 0
    },
    "delinq_2yrs": {
        "0.0 - 26.0": 0
    },
    "dti": {
        "0.0 - 10.54": 0,
        "10.54 - 15.49": 1,
        "15.49 - 20.28": 2,
        "20.28 - 26.24": 3,
        "26.24 - 999.0": 4
    },
    "dti_joint": {
        "0.0 - 39.99": 0
    },
    "emp_length": {
        "0.0 - 1.0": 0,
        "1.0 - 4.0": 1,
        "4.0 - 8.0": 2,
        "8.0 - 10.0": 3
    },
    "funded_amnt": {
        "1000.0 - 7000.0": 0,
        "7000.0 - 10500.0": 1,
        "10500.0 - 15100.0": 2,
        "15100.0 - 23350.0": 3,
        "23350.0 - 40000.0": 4
    },
    "il_util": {
        "0.0 - 53.0": 0,
        "53.0 - 78.0": 1,
        "78.0 - 288.0": 2
    },
    "inq_fi": {
        "0.0 - 1.0": 0,
        "1.0 - 27.0": 1
    },
    "inq_last_12m": {
        "0.0 - 1.0": 0,
        "1.0 - 2.0": 1,
        "2.0 - 49.0": 2
    },
    "loan_amnt": {
        "1000.0 - 7000.0": 0,
        "7000.0 - 10500.0": 1,
        "10500.0 - 15100.0": 2,
        "15100.0 - 23475.0": 3,
        "23475.0 - 40000.0": 4
    },
    "mo_sin_old_il_acct": {
        "1.0 - 87.0": 0,
        "87.0 - 124.0": 1,
        "124.0 - 136.0": 2,
        "136.0 - 158.0": 3,
        "158.0 - 504.0": 4
    },
    "mo_sin_old_rev_tl_op": {
        "4.0 - 106.0": 0,
        "106.0 - 147.0": 1,
        "147.0 - 184.0": 2,
        "184.0 - 250.0": 3,
        "250.0 - 808.0": 4
    },
    "mo_sin_rcnt_rev_tl_op": {
        "0.0 - 3.0": 0,
        "3.0 - 7.0": 1,
        "7.0 - 12.0": 2,
        "12.0 - 20.0": 3,
        "20.0 - 297.0": 4
    },
    "mort_acc": {
        "0.0 - 1.554070349704662": 0,
        "1.554070349704662 - 3.0": 1,
        "3.0 - 22.0": 2
    },
    "mths_since_last_major_derog": {
        "0.0 - 26.0": 0,
        "26.0 - 175.0": 1
    },
    "mths_since_recent_bc": {
        "0.0 - 5.0": 0,
        "5.0 - 11.0": 1,
        "11.0 - 19.0": 2,
        "19.0 - 35.0": 3,
        "35.0 - 611.0": 4
    },
    "mths_since_recent_bc_dlq": {
        "0.0 - 13.0": 0,
        "13.0 - 155.0": 1
    },
    "mths_since_recent_inq": {
        "0.0 - 2.0": 0,
        "2.0 - 5.0": 1,
        "5.0 - 7.003151163860521": 2,
        "7.003151163860521 - 11.0": 3,
        "11.0 - 24.0": 4
    },
    "mths_since_recent_revol_delinq": {
        "0.0 - 26.0": 0,
        "26.0 - 155.0": 1
    },
    "num_accts_ever_120_pd": {
        "0.0 - 1.0": 0,
        "1.0 - 36.0": 1
    },
    "num_actv_bc_tl": {
        "0.0 - 2.0": 0,
        "2.0 - 3.0": 1,
        "3.0 - 4.0": 2,
        "4.0 - 5.0": 3,
        "5.0 - 33.0": 4
    },
    "num_actv_rev_tl": {
        "0.0 - 3.0": 0,
        "3.0 - 4.0": 1,
        "4.0 - 6.0": 2,
        "6.0 - 8.0": 3,
        "8.0 - 43.0": 4
    },
    "num_bc_sats": {
        "0.0 - 2.0": 0,
        "2.0 - 4.0": 1,
        "4.0 - 5.0": 2,
        "5.0 - 7.0": 3,
        "7.0 - 38.0": 4
    },
    "num_tl_120dpd_2m": {
        "0.0 - 2.0": 0
    },
    "num_tl_90g_dpd_24m": {
        "0.0 - 26.0": 0
    },
    "num_tl_op_past_12m": {
        "0.0 - 1.0": 0,
        "1.0 - 2.0": 1,
        "2.0 - 3.0": 2,
        "3.0 - 21.0": 3
    },
    "open_acc": {
        "0.0 - 7.0": 0,
        "7.0 - 9.0": 1,
        "9.0 - 12.0": 2,
        "12.0 - 16.0": 3,
        "16.0 - 65.0": 4
    },
    "open_acc_6m": {
        "0.0 - 1.0": 0,
        "1.0 - 12.0": 1
    },
    "open_il_12m": {
        "0.0 - 1.0": 0,
        "1.0 - 11.0": 1
    },
    "open_act_il": {
        "0.0 - 1.0": 0,
        "1.0 - 3.0": 1,
        "3.0 - 39.0": 2
    },
    "open_rv_12m": {
        "0.0 - 2.0": 0,
        "2.0 - 18.0": 1
    },
    "open_rv_24m": {
        "0.0 - 1.0": 0,
        "1.0 - 3.0": 1,
        "3.0 - 34.0": 2
    },
    "pct_tl_nvr_dlq": {
        "10.7 - 89.5": 0,
        "89.5 - 95.2": 1,
        "95.2 - 100.0": 2
    },
    "percent_bc_gt_75": {
        "0.0 - 25.0": 0,
        "25.0 - 50.0": 1,
        "50.0 - 77.8": 2,
        "77.8 - 100.0": 3
    },
    "pub_rec_bankruptcies": {
        "0.0 - 7.0": 0
    },
    "tot_coll_amt": {
        "0.0 - 96747.0": 0
    },
    "tot_cur_bal": {
        "0.0 - 24581.800000000003": 0,
        "24581.800000000003 - 52870.00000000002": 1,
        "52870.00000000002 - 138041.59999999992": 2,
        "138041.59999999992 - 242013.80000000005": 3,
        "242013.80000000005 - 9971659.0": 4
    },
    "total_bc_limit": {
        "0.0 - 7000.0": 0,
        "7000.0 - 13000.0": 1,
        "13000.0 - 21300.0": 2,
        "21300.0 - 34800.0": 3,
        "34800.0 - 396600.0": 4
    },
    "total_il_high_credit_limit": {
        "0.0 - 11458.20000000001": 0,
        "11458.20000000001 - 26480.200000000004": 1,
        "26480.200000000004 - 42935.2": 2,
        "42935.2 - 66058.20000000001": 3,
        "66058.20000000001 - 2101913.0": 4
    },
    "total_rev_hi_lim": {
        "0.0 - 13000.0": 0,
        "13000.0 - 21300.0": 1,
        "21300.0 - 32200.0": 2,
        "32200.0 - 48200.0": 3,
        "48200.0 - 1514001.0": 4
    },
    "revol_bal_joint": {
        "0.0 - 234047.0": 0
    },
    "sec_app_fico_range_low": {
        "0.0 - 825.0": 0
    },
    "sec_app_fico_range_high": {
        "0.0 - 829.0": 0
    },
    "sec_app_inq_last_6mths": {
        "0.0 - 6.0": 0
    },
    "sec_app_mort_acc": {
        "0.0 - 11.0": 0
    },
    "sec_app_open_acc": {
        "0.0 - 73.0": 0
    },
    "sec_app_revol_util": {
        "0.0 - 129.7": 0
    },
    "sec_app_open_act_il": {
        "0.0 - 33.0": 0
    },
    "sec_app_num_rev_accts": {
        "0.0 - 71.0": 0
    },
    "sec_app_chargeoff_within_12_mths": {
        "0.0 - 7.0": 0
    },
    "sec_app_collections_12_mths_ex_med": {
        "0.0 - 8.0": 0
    },
    "sec_app_mths_since_last_major_derog": {
        "0.0 - 118.0": 0
    },
    "deferral_term": {
        "0.0 - 3.0": 0
    },
    "hardship_amount": {
        "0.0 - 769.03": 0
    },
    "hardship_length": {
        "0.0 - 3.0": 0
    },
    "hardship_dpd": {
        "0.0 - 29.0": 0
    },
    "hardship_payoff_balance_amount": {
        "0.0 - 32443.96": 0
    },
    "hardship_last_payment_amount": {
        "0.0 - 1134.34": 0
    },
    "int_rate%": {
        "5.31 - 8.46": 0,
        "8.46 - 11.48": 1,
        "11.48 - 13.67": 2,
        "13.67 - 16.99": 3,
        "16.99 - 30.99": 4
    },
    "loan_age": {
        "2592.0 - 2895.0": 0,
        "2895.0 - 3291.0": 1,
        "3291.0 - 3657.0": 2,
        "3657.0 - 4083.0": 3,
        "4083.0 - 6763.0": 4
    },
    "time_since_last_payment": {
        "-1979.0 - -975.0": 0,
        "-975.0 - -639.0": 1,
        "-639.0 - -424.0": 2,
        "-424.0 - -243.0": 3,
        "-243.0 - 0.0": 4
    },
    "hardship_start": {
        "-1584.0 - -594.7880184331797": 0,
        "-594.7880184331797 - -31.0": 1
    },
    "payment_plan_start": {
        "-1584.0 - -607.8571428571429": 0,
        "-607.8571428571429 - -61.0": 1
    },